<?xml version="1.0" encoding="UTF-8"?>
<beans xmlns="http://www.springframework.org/schema/beans"
	xmlns:xsi="http://www.w3.org/2001/XMLSchema-instance"
	xmlns:aop="http://www.springframework.org/schema/aop"
	xmlns:context="http://www.springframework.org/schema/context"
	xmlns:jdbc="http://www.springframework.org/schema/jdbc"
	xmlns:mybatis-spring="http://mybatis.org/schema/mybatis-spring"
	xsi:schemaLocation="http://www.springframework.org/schema/jdbc http://www.springframework.org/schema/jdbc/spring-jdbc-4.3.xsd
		http://mybatis.org/schema/mybatis-spring http://mybatis.org/schema/mybatis-spring-1.2.xsd
		http://www.springframework.org/schema/beans https://www.springframework.org/schema/beans/spring-beans.xsd
		http://www.springframework.org/schema/context http://www.springframework.org/schema/context/spring-context-4.3.xsd
		http://www.springframework.org/schema/aop http://www.springframework.org/schema/aop/spring-aop-4.3.xsd">
	
	<!-- Root Context: defines shared resources visible to all other web components -->
		<bean id="dataSource" class="org.apache.commons.dbcp2.BasicDataSource" destroy-method="close"> 
		<property name="driverClassName" value="oracle.jdbc.OracleDriver"/> 
		<property name="url" value="jdbc:oracle:thin:@172.16.144.34:1521/xe"/>
		<property name="username" value="sns"></property>
		<property name="password" value="123"></property>
	</bean> 
	
	<bean id="multipartResolver"
		class="org.springframework.web.multipart.commons.CommonsMultipartResolver">

		<!-- 하나의 요청에 포함된 최대 파일 크기 (byte)설정 여기서는 10메가바이트 -->
		<property name="maxUploadSize" value="10485760"></property>
		<!-- 복수의 파일 업로드시 단일 파일이 설정할 수 있는 최대크기 -->
		<!-- <property name="maxUploadSizePerFile"></property> -->
		<!-- name="uploadTempDir" 임시폴더에 저장 -->
	</bean>
	
	<bean id="uploadPath" class="java.lang.String">
		<constructor-arg value="D:\\workspace-spring\SNS1\src\main\webapp\resources\Photo\\" />

	
	</bean>
	
	<bean id="sqlSessionFactory" class="org.mybatis.spring.SqlSessionFactoryBean">
		<property name="dataSource" ref="dataSource"></property>
		<property name="configLocation"	value="classpath:/mybatis-config.xml"></property>
	</bean>
	
	<bean id="sqlSessoinTemplate" class="org.mybatis.spring.SqlSessionTemplate">
		<constructor-arg name="sqlSessionFactory" ref="sqlSessionFactory"></constructor-arg>
	</bean>
	
		<!-- 스프링 파일(업로드)이 포함된 폼 데이터를 받아서 해석하기 위해서는 multipartResolver등록 필요 -->
</beans>
