<?xml version="1.0" encoding="UTF-8"?>
<beans:beans xmlns="http://www.springframework.org/schema/mvc"
	xmlns:xsi="http://www.w3.org/2001/XMLSchema-instance"
	xmlns:beans="http://www.springframework.org/schema/beans"
	xmlns:context="http://www.springframework.org/schema/context"
	xmlns:mybatis-spring="http://mybatis.org/schema/mybatis-spring"
	xmlns:tx="http://www.springframework.org/schema/tx"
	xsi:schemaLocation="http://www.springframework.org/schema/mvc https://www.springframework.org/schema/mvc/spring-mvc.xsd
		http://mybatis.org/schema/mybatis-spring http://mybatis.org/schema/mybatis-spring-1.2.xsd
		http://www.springframework.org/schema/beans https://www.springframework.org/schema/beans/spring-beans.xsd
		http://www.springframework.org/schema/context https://www.springframework.org/schema/context/spring-context.xsd
		http://www.springframework.org/schema/tx http://www.springframework.org/schema/tx/spring-tx-4.3.xsd">

	<!-- DispatcherServlet Context: defines this servlet's request-processing infrastructure -->
	
	<!-- Enables the Spring MVC @Controller programming model -->
	<annotation-driven />

	<!-- Handles HTTP GET requests for /resources/** by efficiently serving up static resources in the ${webappRoot}/resources directory -->
	<resources mapping="/resources/**" location="/resources/" />
	<resources mapping="/SNS_Photo/**" location="file:///d:/SNS_Photo/" />
	
	<!-- Resolves views selected for rendering by @Controllers to .jsp resources in the /WEB-INF/views directory -->
	<beans:bean class="org.springframework.web.servlet.view.InternalResourceViewResolver">
		<beans:property name="prefix" value="/WEB-INF/views/" />
		<beans:property name="suffix" value=".jsp" />
	</beans:bean>
	
	<context:component-scan base-package="kr.ac.kopo" />
	
	<interceptors>
			<interceptor>
			<mapping path="/member/select"/>
		 		<beans:bean class="kr.ac.kopo.sns.controller.UserInterceptor"></beans:bean>
			</interceptor>
		 
		 <interceptor>
		 	<mapping path="/member/list"/>
		 	<beans:bean class="kr.ac.kopo.sns.controller.AdminInterceptor"></beans:bean>
		 </interceptor>
		 
	</interceptors>
	<!-- 	kr.ac.kopo 패키지(폴더) 아래에 존재하는 @Mapper가 존재하는 인터페이스를  찾아서 그 인터페이스의 구현체를 마이바티스 구현체를 자동 생성하여 스프링에 등록 -->
	<mybatis-spring:scan base-package="kr.ac.kopo" annotation="org.apache.ibatis.annotations.Mapper"/>
	
		<!-- @Transaction 을 사용한 트랜젝션 설정을 활성화 -->
	<tx:annotation-driven
		transaction-manager="transactionManager" />
	<!-- <tx:annotation-driven/> -->

	<!-- 스프링에서 트랜젝션 처리를 위한 트랜젝션매니저 객체 등록 -->
	<beans:bean id="transactionManager"
		class="org.springframework.jdbc.datasource.DataSourceTransactionManager">
		<beans:property name="dataSource" ref="dataSource"></beans:property>
	</beans:bean>
	
</beans:beans>
