<?xml version="1.0" encoding="UTF-8"?>
<!DOCTYPE configuration PUBLIC "-//mybatis.org//DTD Config 3.0//EN" "http://mybatis.org/dtd/mybatis-3-config.dtd">

<configuration>

	<!-- 낙타표기 변환 -->
	<settings>
		<setting name="mapUnderscoreToCamelCase" value="true" />
	</settings>

	<typeAliases>
		<typeAlias type="kr.ac.kopo.sns.model.Member" alias="Member" />
		<typeAlias type="kr.ac.kopo.sns.model.Post" alias="Post" />
	</typeAliases>

	<mappers>
		<mapper resource="mybatis/member.xml" />
		<mapper resource="mybatis/post.xml" />
	</mappers>


</configuration>