<?xml version="1.0" encoding="UTF-8" ?>
<!DOCTYPE mapper
  PUBLIC "-//mybatis.org//DTD Mapper 3.0//EN"
  "http://mybatis.org/dtd/mybatis-3-mapper.dtd">

<!-- 	*.java, *.xml : 변경 후 재실행이 필요 (*.java는 실행 중 변경시 이클리스가 자동 재실행) -->
<!-- 	*.jsp, *.html, *.css, *js : 변경후 재실행이 필요없고, 브라우저에서 새로고침만 필요 -->

<!--  현재 Mapper 파일 (SQL문들의 집합)의 고유한 이름을 namespace 속성에 지정 -->
<!-- 일반적으로 여기 등록된  SQL문들을 실행할 인터페이스의 이름과 동일하게 설정 -->
<mapper namespace="kr.ac.kopo.member.MemberDao">
<!-- 	MemberMap 이라는 resultMap을 정의 -->
	<resultMap type="MemberVo" id="MemberMap">
	
<!-- 	mem_Id 컬럼의 값을 kr.ac.kopo.member.MemberVo 객체의 memId 변수(속성)에 저장 -> -->
<!--   	기본키는 앞에 id로 해주는 것이 좋음- -->
	<id property="memId" column="mem_id" />
<!-- 	mem_Pass 컬럼의 값을 kr.ac.kopo.member.MemberVo 객체의 memId 변수(속성)에 저장 -->
	<result property="memPass" column="mem_pass" />
	<result property="memName" column="mem_name" />
	<result property="memPoint" column="mem_point" />
	
	</resultMap>
	
<!-- 	실행할 SQL문과 동일한 이름의  엘리먼트를 사용하여 SQL문을 등록 -->
<!--	 SQL문의 고유한 이름을 id속성에 지정 -->
<!-- 	보통 SQL문을 실행할 때 사용할 인터페이스의 메서드 이름과 동일하게 설정 -->
<!--  	실행결과 레코드 1개를 담을 자바객체의 클래스명을 resultType 속성에 저장 -->
<!--   <select id="selectMemberList" resultMap="MemberMap"> -->
 
 <!-- 다수의 sql문에서 공통적으로 사용하는 부분을 별도의 sql문으로 정리해놓고 필요한 곳에서 include하며 사용가능 -->
	<sql id="searchSQL">
	<trim prefix="WHERE" prefixOverrides="AND |OR ">


  <if test="searchType !=null and searchWord!=null and searchType == 'id'">
     mem_id like '%' ||#{searchWord}|| '%'
  </if>
   <if test="searchType !=null and searchWord!=null and searchType == 'name'">
    or mem_name  like '%' ||#{searchWord}|| '%'
  </if>
</trim>
	
	</sql>
	
  <select id="selectMemberList" resultType="MemberVo" parameterType="kr.ac.kopo.comm.SearchInfo">
  	select mem_id,mem_pass,mem_name,mem_point, rnum
	from (select mem_id,mem_pass,mem_name,mem_point, rownum rnum
    from (SELECT mem_id,mem_pass,mem_name,mem_point
            from member
            
             <include refid="searchSQL"></include>
            
             ORDER by mem_name desc)
 )
	  <![CDATA[
	where #{firstRecordIndex} <=rnum and rnum<=#{lastRecordIndex}
   ]]>
  </select>
  
<!--   실행에 필요한 값을 받는 경우에는, 받을 값을 타입을 paraemterType속성에 저장 -->
<!-- 	입력하는 값의 타입이 String1개이기 때문에 parameterType에 "String"으로 설정. 만약 2개 이상이면 그걸 한번에 담는 타입이 없기때문에 클래스인 kr.ac.kopo.member.MemberVo을 삽입 -->
  <select id="selectMember" parameterType="String" resultType="MemberVo"> 
  SELECT mem_id, mem_pass, mem_name, mem_point 
  FROM member where mem_id=#{memId}
  </select>
  
<!--  파라미터로 받은 객체의 속성(변수)값을 SQL문에 주입하기 위해서 #{변수명}을 사용 -->
<insert id="insertMember" parameterType="MemberVo" >
INSERT INTO member (mem_id, mem_pass, mem_name, mem_point) 
values(#{memId},#{memPass},#{memName},#{memPoint})
</insert>


<update id="updateMember" parameterType="MemberVo">
UPDATE member set mem_name = #{memName}, mem_point = #{memPoint} where mem_id = #{memId}
</update>	

<!--   parameterType이 단일값을 갖는 객체인 경우(String,Integer,...)에는 #{}의 이름은 무엇을 사용하든 상관없음 -->
 <delete id="deleteMember" parameterType="string">
 DELETE FROM member WHERE mem_id= #{memId}
 </delete>
 
 
 <select id="selectLoginMember" parameterType="MemberVo" resultType="MemberVo">
  SELECT mem_id, mem_pass, mem_name, mem_point FROM MEMBER 
   where mem_id=#{memId} and mem_pass=#{memPass}
 </select>
  
  <select id="selectCount" resultType="int" parameterType="kr.ac.kopo.comm.SearchInfo">
   SELECT count(*) FROM MEMBER
   
    <include refid="searchSQL"></include>
   
  </select>
  
  
</mapper>