<?xml version="1.0" encoding="UTF-8"?>
<beans:beans xmlns="http://www.springframework.org/schema/mvc"
	xmlns:xsi="http://www.w3.org/2001/XMLSchema-instance"
	xmlns:beans="http://www.springframework.org/schema/beans"
	xmlns:context="http://www.springframework.org/schema/context"
	xmlns:mybatis-spring="http://mybatis.org/schema/mybatis-spring"
	xmlns:tx="http://www.springframework.org/schema/tx"
	xsi:schemaLocation="http://www.springframework.org/schema/mvc https://www.springframework.org/schema/mvc/spring-mvc.xsd
		http://mybatis.org/schema/mybatis-spring http://mybatis.org/schema/mybatis-spring-1.2.xsd
		http://www.springframework.org/schema/beans https://www.springframework.org/schema/beans/spring-beans.xsd
		http://www.springframework.org/schema/context https://www.springframework.org/schema/context/spring-context.xsd
		http://www.springframework.org/schema/tx http://www.springframework.org/schema/tx/spring-tx-4.3.xsd">

	<!-- DispatcherServlet Context: defines this servlet's request-processing infrastructure -->
	
<!-- 	11111111111111111111111111111111111111111 -->
<!-- 클래스패스상에 있는 message라는 이름의 프로퍼티 파일을 읽어서 스프링에서 사용하는 메세지 소스(messageSource)로서 등록  -->
<beans:bean id="messageSource" class="org.springframework.context.support.ResourceBundleMessageSource">
	<beans:property name="basename" value="message"></beans:property>
</beans:bean>
	
	<!-- Enables the Spring MVC @Controller programming model -->
<!-- 	어노테이션을 사용하여 Spring MVC 애플리케이션을 작성할때 필요한 객체들을 자동 등록 -->
	<annotation-driven />

	<!-- Handles HTTP GET requests for /resources/** by efficiently serving up static resources in the ${webappRoot}/resources directory -->

<!-- 	<resources mapping="/resources/**" location="/resources/" /> 주소로 요청이오면 폴더 밑에있는 주소로 요청된걸 찾아 보내는 명령(여기선 사용 x)-->

	<!-- Resolves views selected for rendering by @Controllers to .jsp resources in the /WEB-INF/views directory -->
	
	

<!-- 스프링 파일(업로드)이 포함된 폼 데이터를 받아서 해석하기 위해서는 multipartResolver등록 필요 -->
<beans:bean id="multipartResolver" class="org.springframework.web.multipart.commons.CommonsMultipartResolver">
<!-- 	하나의 요청에 포함된 최대 파일 크기 (byte)설정 -->
	<beans:property name="maxUploadSize" value="100000000"></beans:property>

</beans:bean>
	
	
	
	
<!-- 	컨트롤러가 문자열을(뷰 이름) 반환한 경우, 그 문자열의 앞에 "/WEB-INF/views/"를 붙이고 뒤에 ".jsp"를 붙여서 -->
<!-- 해당 문자열의 jsp파일 경로로 이동(forward)시키는 역할을 수행 -->
	<beans:bean class="org.springframework.web.servlet.view.InternalResourceViewResolver">
		<beans:property name="prefix" value="/WEB-INF/views/" />
		<beans:property name="suffix" value=".jsp" />
	</beans:bean>
	
<!-- 	kr.ac.kopo 패키지(폴더) 아래에 있는 모든 클래스들을 조사하여, -->
<!-- 	@Component, @Comtroller, @Service, @Repository 등이 붙어있는 클래스들을 스프링(DispatcherServlet)에 자동 등록 -->
	<context:component-scan base-package="kr.ac.kopo" />
	
<!-- 	 @Controller : 웹 요청을 받았을 때 실행되는 메서드를 담고 있는 객체에 사용 -->
<!-- 	 @Service : 서비스 계층의 객체에 사용 -->
<!-- 	 @Repository : DAO계층의 객체에 사용 -->

<!-- ********************************************** -->


<!-- 핸들러 인터셉터들을 등록 -->
<interceptors>
	<interceptor>
<!-- 	모든 경로에 대해서 kr.ac.kopo.LoginInterceptor 실행 -->
<!-- 스프링에서 모든 경로 지칭시, * 은 /를 제외한 모든 문자를 의미 -->
<!-- 스프링에서 모든 경로 지칭시, ** 은 /를 포함한 모든 문자를 의미 -->
	<mapping path="/**"/>
	
<!-- 	아래 두 주소에 대해서는 인터셉트를 실행하지 않기로 결정 -->
	<exclude-mapping path="/member/login.do"/> 
	<exclude-mapping path="/member/add.do"/>
	<beans:bean class="kr.ac.kopo.comm.LoginInterceptor"></beans:bean>
	</interceptor>
</interceptors>


<!-- @Transaction 을 사용한 트랜젝션 설정을 활성화 -->
<tx:annotation-driven transaction-manager="transactionManager" />
<!-- <tx:annotation-driven/> -->

<!-- 스프링에서 트랜젝션 처리를 위한 트랜젝션매니저 객체 등록 -->
<beans:bean id="transactionManager" class="org.springframework.jdbc.datasource.DataSourceTransactionManager">
<beans:property name="dataSource" ref="dataSource"></beans:property>
</beans:bean>




<!-- 데이터베이스 연결을 담당하는 데이터소스로서 Common DBCP를 등록 -->
<beans:bean id="dataSource" class="org.apache.commons.dbcp2.BasicDataSource">
	<beans:property name="driverClassName" value="oracle.jdbc.OracleDriver"></beans:property>
	<beans:property name="url" value="jdbc:oracle:thin:@localhost:1521:xe"></beans:property>
	<beans:property name="username" value="com"></beans:property>
	<beans:property name="password" value="com01"></beans:property>
	
</beans:bean>



<!-- 마이 바티스 SqlSessionFactory 객체를 생성하여 스프링에 등록 -->
<beans:bean id="sqlSessionFactory" class="org.mybatis.spring.SqlSessionFactoryBean">
<!--  마이바티스가 사용할 데이터 베이스 연결(커넥션)을 제공하는 데이터 소스 설정 -->
	<beans:property name="dataSource" ref="dataSource"></beans:property>
<!-- 	마이바티스 설정파일 위치 -->
	<beans:property name="configLocation" value="classpath:/batis/mybatis-config.xml"></beans:property>
</beans:bean>
	
<!-- 	마이바티스 sqlSession의 구현체로 스레드에 안전하고 스프링 트랜젝션에 따라 커밋/롤백하고 마이바티스 예외를 스프링 예외로 변환 -->
<!-- <beans:bean id="sqlSession" class="org.mybatis.spring.SqlSessionTemplate"> -->
<!-- 	생성자의 첫번쨰 인자로 SqlSessionFactory를 전달 -->
<!-- 	<beans:constructor-arg index="0" ref="sqlSessionFactory"></beans:constructor-arg> -->
<!-- 	</beans:bean> -->
	
<!-- 	kr.ac.kopo 패키지(폴더) 아래에 존재하는 @Mapper가 존재하는 인터페이스를  찾아서 그 인터페이스의 구현체를 마이바티스 구현체를 자동 생성하여 스프링에 등록 -->
	<mybatis-spring:scan base-package="kr.ac.kopo" annotation="org.apache.ibatis.annotations.Mapper"/>
	
	
</beans:beans>
